NomeSorgente,Oro,DurezzaAcqua
Sorgente1,0,21.20138141309851
Sorgente1,0,25.29466190715501
Sorgente1,4,12.435278700238802
Sorgente1,3,16.14682761938843
Sorgente1,0,21.091516798421658
Sorgente1,1,19.382918269327455
Sorgente1,0,19.918711717237283
Sorgente1,2,20.628650107974902
Sorgente1,1,20.53701213413951
Sorgente1,1,24.148143417309868
Sorgente1,1,22.683401729228677
Sorgente1,2,18.71621775011085
Sorgente1,1,18.255815699017496
Sorgente1,0,23.51559520776842
Sorgente1,0,19.96464927415069
Sorgente1,2,20.591383190781162
Sorgente1,0,21.44375264991205
Sorgente1,0,17.75097478921542
Sorgente1,1,23.519318138386627
Sorgente1,3,17.191169158618237
Sorgente1,0,22.634070141363104
Sorgente1,2,17.619377506181557
Sorgente1,1,15.376453754967425
Sorgente1,2,14.514271090578
Sorgente1,2,17.4707903795987
Sorgente1,1,20.30682448167393
Sorgente1,1,19.592157938215493
Sorgente1,1,21.634688386674924
Sorgente1,1,20.67109725490984
Sorgente1,3,20.044384507021213
Sorgente1,0,24.247536425189562
Sorgente1,2,16.37175576047865
Sorgente1,3,17.581680053511533
Sorgente1,1,23.733509844522725
Sorgente1,1,22.12048329042635
Sorgente1,2,16.91227522271587
Sorgente1,1,22.55531307393459
Sorgente1,1,23.236806063218957
Sorgente1,0,21.72393018884685
Sorgente1,0,25.248278018522704
Sorgente1,2,18.43428551352155
Sorgente1,1,20.790043100580725
Sorgente1,3,15.955192376217289
Sorgente1,1,20.776414211418626
Sorgente1,0,21.917381012857415
Sorgente1,1,20.608781915173587
Sorgente1,1,20.747293845262067
Sorgente1,0,25.402749381243584
Sorgente1,1,20.294767045357005
Sorgente1,0,24.751383730817267
Sorgente1,0,24.101066095603393
Sorgente1,1,22.71067545795816
Sorgente1,1,20.12912727530078
Sorgente1,3,12.283770907859278
Sorgente1,1,19.659151370792294
Sorgente1,2,21.226476032342745
Sorgente1,0,24.400407951680375
Sorgente1,3,18.01582062397893
Sorgente1,0,24.678500548489293
Sorgente1,1,22.59103711681539
Sorgente1,1,20.98589126838839
Sorgente1,1,18.475409916085894
Sorgente1,0,21.268926435780656
Sorgente1,0,27.903149080326962
Sorgente1,0,23.937053914784606
Sorgente1,3,18.61318994644415
Sorgente1,1,17.584845662146304
Sorgente1,0,24.08190021629307
Sorgente1,1,22.73649517786872
Sorgente1,1,21.316678583069866
Sorgente1,1,20.333193147181902
Sorgente1,1,23.226980748231114
Sorgente1,1,24.101206033607603
Sorgente1,0,24.799382035280573
Sorgente1,0,22.302040872923826
Sorgente1,0,23.708127226474797
Sorgente1,1,22.958891878413056
Sorgente1,0,23.76588743090334
Sorgente1,1,22.537996056937235
Sorgente1,2,18.33596220021581
Sorgente1,0,21.82467768026714
Sorgente1,1,17.23930280889293
Sorgente1,0,20.576820561529175
Sorgente1,0,24.449127317896014
Sorgente1,2,19.79618392703836
Sorgente1,2,18.11537831039939
Sorgente1,0,18.499589764652526
Sorgente1,1,20.837480123647147
Sorgente1,3,17.229301143303864
Sorgente1,2,18.10315723820269
Sorgente1,1,18.334759166961586
Sorgente1,0,22.319719467828783
Sorgente1,1,18.671863982308487
Sorgente1,2,18.112392497529964
Sorgente1,0,20.051152633936862
Sorgente1,1,21.01106607404067
Sorgente1,3,21.325806254641932
Sorgente1,0,25.88511114237054
Sorgente1,0,23.51666568745383
Sorgente1,2,18.640604446392956
Sorgente1,3,18.238897391826097
Sorgente1,1,20.755271191126276
Sorgente1,0,27.788855419970027
Sorgente1,0,21.71274118908702
Sorgente1,1,20.570563516091006
Sorgente1,1,20.018328322611307
Sorgente1,1,23.95745271587389
Sorgente1,0,21.971466641684
Sorgente1,0,19.485158645534796
Sorgente1,1,21.405831579793695
Sorgente1,1,20.470756086665702
Sorgente1,1,18.8054758653006
Sorgente1,1,24.149677682638675
Sorgente1,0,22.64418163898176
Sorgente1,2,20.996515475136295
Sorgente1,0,22.878498754224058
Sorgente1,1,20.02546804903467
Sorgente1,2,18.9076571469072
Sorgente1,1,20.20225427777098
Sorgente1,0,20.782079929653733
Sorgente1,1,17.28461867015648
Sorgente1,0,24.164057936861028
Sorgente1,0,21.29847828518458
Sorgente1,1,22.246017723318104
Sorgente1,2,20.629437034597128
Sorgente1,0,26.264715274126708
Sorgente1,1,22.60328852921127
Sorgente1,2,19.82172363769513
Sorgente1,0,24.532430904416728
Sorgente1,2,18.03094508943733
Sorgente1,1,22.537119306097175
Sorgente1,1,20.754947631663324
Sorgente1,1,20.353270289606726
Sorgente1,0,24.973529695660858
Sorgente1,0,21.673772769388975
Sorgente1,2,18.66256024799663
Sorgente1,1,20.06594260756568
Sorgente1,0,24.00442641740312
Sorgente1,0,21.72828813523335
Sorgente1,0,24.278554212399015
Sorgente1,0,21.680325884083288
Sorgente1,3,17.910704899438556
Sorgente1,0,23.05606778192886
Sorgente1,1,20.584448388245526
Sorgente1,0,22.511330487316343
Sorgente1,1,20.68749151520449
Sorgente1,1,22.536958276079446
Sorgente1,0,24.173888496421423
Sorgente1,0,25.325404501227684
Sorgente1,3,18.21069573112432
Sorgente1,0,25.63534668392736
Sorgente1,0,25.156588756106924
Sorgente1,1,19.445414284259563
Sorgente1,1,17.86896033977489
Sorgente1,2,17.32887472080006
Sorgente1,1,23.024850276420885
Sorgente1,0,20.42616728761169
Sorgente1,1,18.045025596349802
Sorgente1,0,20.620091216791685
Sorgente1,1,19.460296203428754
Sorgente1,0,26.2149322387722
Sorgente1,2,19.891854544195535
Sorgente1,2,13.053823225608673
Sorgente1,0,24.3582319643484
Sorgente1,0,22.426280123894415
Sorgente1,1,18.430885231757937
Sorgente1,2,19.60191800836153
Sorgente1,1,20.313436852796393
Sorgente1,1,23.46727902961689
Sorgente1,3,16.855008850831457
Sorgente1,0,19.038768522749933
Sorgente1,1,19.573092457449327
Sorgente1,1,21.77276939672316
Sorgente1,0,21.677572660184115
Sorgente1,0,27.349461334513986
Sorgente1,0,24.41542108097918
Sorgente1,0,19.30499822292278
Sorgente1,1,23.279900136793493
Sorgente1,2,20.602863807409822
Sorgente1,4,15.283706519136272
Sorgente1,0,22.82306309219097
Sorgente1,0,20.516964433872566
Sorgente1,0,22.957475857796265
Sorgente1,0,29.44200168740116
Sorgente1,0,22.13876005256617
Sorgente1,0,23.78570430454488
Sorgente1,1,20.05928620218764
Sorgente1,2,17.580696241199306
Sorgente1,2,22.633670613235193
Sorgente1,2,19.013268455217588
Sorgente1,1,20.252036020292152
Sorgente1,2,16.883757259778395
Sorgente1,1,22.364930759088075
Sorgente1,1,21.35931596685181
Sorgente1,1,24.305364221944274
Sorgente1,2,16.45361094019389
Sorgente1,1,18.53997934359257
Sorgente1,0,24.005640857357427
Sorgente1,0,20.84103807326069
Sorgente1,2,16.363275760206133
Sorgente1,0,25.070511443098297
Sorgente1,0,23.377998185068623
Sorgente1,4,17.287130913091286
Sorgente1,3,18.9200588469067
Sorgente1,0,22.99323609870514
Sorgente1,0,26.996972461819635
Sorgente1,0,20.66780039285648
Sorgente1,2,14.40430357842999
Sorgente1,0,22.48665730826235
Sorgente1,0,20.547505699819844
Sorgente1,4,19.26956985695388
Sorgente1,1,19.26051208329623
Sorgente1,2,23.818254818144585
Sorgente1,0,23.113391705248088
Sorgente1,1,22.085532359049633
Sorgente1,0,19.628854283597136
Sorgente1,2,19.090882904047977
Sorgente1,0,20.548910687218466
Sorgente1,1,22.66427395253937
Sorgente1,1,21.25899066467577
Sorgente1,1,19.459573461026444
Sorgente1,2,17.373472618712295
Sorgente1,0,24.21626216571612
Sorgente1,1,19.648587453528922
Sorgente1,0,24.510359213704298
Sorgente1,0,23.03032302467791
Sorgente1,1,20.332405896971245
Sorgente1,1,21.568237344522302
Sorgente1,1,21.46617051053513
Sorgente1,0,26.494507265081428
Sorgente1,4,15.474454199622336
Sorgente1,1,18.329506765900746
Sorgente1,1,19.45769160998009
Sorgente1,0,16.4004823041712
Sorgente1,1,22.728641157883494
Sorgente1,1,16.674409010125544
Sorgente1,0,23.042246616955804
Sorgente1,0,21.25583189856718
Sorgente1,0,23.90176738093875
Sorgente1,1,23.23848616801039
Sorgente1,0,23.291801460587124
Sorgente1,2,20.061398684640167
Sorgente1,0,20.531035428396404
Sorgente1,1,18.137371551589844
Sorgente1,0,25.35841438172092
Sorgente1,1,22.129444651656897
Sorgente1,1,22.220420693632626
Sorgente1,2,19.80007408054962
Sorgente1,0,21.33235098922932
Sorgente1,2,16.218697523293862
Sorgente1,0,24.172151168573304
Sorgente1,1,20.184400040403823
Sorgente1,0,24.828887699760152
Sorgente1,0,28.24575408732204
Sorgente1,0,24.838488857997895
Sorgente1,3,17.39170296649956
Sorgente1,0,16.299637528028676
Sorgente1,0,23.56668908342897
Sorgente1,3,19.05095141647837
Sorgente1,0,20.145762988502987
Sorgente1,2,18.696314945137466
Sorgente1,2,20.46147975123843
Sorgente1,3,14.956944198601906
Sorgente1,2,21.06645094837249
Sorgente1,1,25.3248137060804
Sorgente1,1,22.159195547611496
Sorgente1,3,16.48420472982929
Sorgente1,2,22.27737120146047
Sorgente1,0,19.2936531942219
Sorgente1,1,20.393537239511808
Sorgente1,2,18.118183857872648
Sorgente1,1,22.78385554996411
Sorgente1,0,24.337858453691194
Sorgente1,3,19.101993794595426
Sorgente1,0,27.068537732753825
Sorgente1,0,22.450673121146586
Sorgente1,0,21.909776116537273
Sorgente1,1,22.693482783963777
Sorgente1,1,19.436811283080793
Sorgente1,1,17.275155628480857
Sorgente1,0,24.82264201819791
Sorgente1,1,18.839231831122188
Sorgente1,1,24.71042450652528
Sorgente1,1,19.657659549614436
Sorgente1,1,18.23267022800649
Sorgente1,0,23.870515839825465
Sorgente1,1,21.772290591523408
Sorgente1,3,17.813456954011777
Sorgente1,0,20.477018611443917
Sorgente1,1,20.318196027546637
Sorgente1,2,18.478381416394974
Sorgente1,1,22.242423418616315
Sorgente1,1,22.922744054931393
Sorgente1,2,19.47807722718115
Sorgente1,2,18.176095029730078
Sorgente1,0,23.80024990565564
Sorgente1,2,18.397322317939587
Sorgente1,0,21.666555146288488
Sorgente1,1,19.78611993072722
Sorgente1,0,21.65291423751797
Sorgente2,0,14.284895183538534
Sorgente2,1,21.317378433002634
Sorgente2,0,23.485169190116025
Sorgente2,2,21.088551136727233
Sorgente2,2,21.099664095032068
Sorgente2,1,24.353769128700844
Sorgente2,2,20.91868009035587
Sorgente2,1,21.91531740928967
Sorgente2,2,20.38882814718476
Sorgente2,2,20.65070290124865
Sorgente2,0,24.101662769019875
Sorgente2,1,19.022243592874545
Sorgente2,1,18.139339936145877
Sorgente2,0,25.234567532134832
Sorgente2,2,18.4640847760219
Sorgente2,1,24.27688866805316
Sorgente2,1,20.762491445318542
Sorgente2,1,21.76566954734383
Sorgente2,0,26.092962052474373
Sorgente2,0,17.497397523537135
Sorgente2,2,20.073239358373645
Sorgente2,2,21.682548503638806
Sorgente2,1,19.502992112780092
Sorgente2,2,20.991969895388685
Sorgente2,0,21.067974428103835
Sorgente2,2,22.36452210564509
Sorgente2,1,20.442433129024312
Sorgente2,2,19.21501416231656
Sorgente2,0,20.667836655466633
Sorgente2,1,24.315094522113736
Sorgente2,1,21.496765463557953
Sorgente2,0,21.17951899241396
Sorgente2,0,17.979553017649366
Sorgente2,2,18.108219149215145
Sorgente2,3,12.902966382004601
Sorgente2,0,25.65607959840353
Sorgente2,1,22.396683514262016
Sorgente2,1,25.142107626857936
Sorgente2,2,18.11075999788177
Sorgente2,0,22.165074454516777
Sorgente2,0,19.181167913683364
Sorgente2,3,16.465606561308462
Sorgente2,1,20.355363887542374
Sorgente2,2,18.57037543071466
Sorgente2,1,19.08004165890685
Sorgente2,0,17.900650807221787
Sorgente2,1,21.9459801265983
Sorgente2,2,17.916142725459913
Sorgente2,0,23.056601995996427
Sorgente2,2,23.649046906129335
Sorgente2,1,20.667271056298276
Sorgente2,0,22.720382437419314
Sorgente2,1,20.393293267546284
Sorgente2,1,19.763192002694993
Sorgente2,2,23.704871643665356
Sorgente2,1,22.015118928719808
Sorgente2,0,20.577075331187096
Sorgente2,2,19.168249953316572
Sorgente2,0,23.388716267449855
Sorgente2,1,21.123085303710674
Sorgente2,1,23.37727965616361
Sorgente2,0,21.023551425895832
Sorgente2,1,22.413823498359275
Sorgente2,1,20.4219291286063
Sorgente2,1,22.471464673059437
Sorgente2,0,23.35740168329706
Sorgente2,0,21.623992237809386
Sorgente2,0,23.490602124823997
Sorgente2,0,18.886615740265796
Sorgente2,1,20.483675546746436
Sorgente2,0,21.389260741569515
Sorgente2,0,26.139955770209294
Sorgente2,2,15.816927574500365
Sorgente2,0,21.33806791296951
Sorgente2,0,19.688369023233875
Sorgente2,2,16.237219719740747
Sorgente2,2,22.677233302659047
Sorgente2,1,23.228865720264274
Sorgente2,2,19.723269945236943
Sorgente2,1,22.318386374872503
Sorgente2,3,17.152966006737504
Sorgente2,0,25.909430526025975
Sorgente2,0,20.753876080718285
Sorgente2,0,23.070258701164228
Sorgente2,2,20.58363515708203
Sorgente2,2,19.68928634417621
Sorgente2,2,21.49941065567163
Sorgente2,3,14.857596231471415
Sorgente2,1,20.165022238100047
Sorgente2,1,22.284414352529065
Sorgente2,1,20.279816597883016
Sorgente2,2,18.912371540760006
Sorgente2,2,17.962993392875042
Sorgente2,2,19.194480033401092
Sorgente2,0,23.574833610375347
Sorgente2,4,14.232095298984229
Sorgente2,3,17.4333222953733
Sorgente2,1,22.619041395762927
Sorgente2,0,24.586998088737797
Sorgente2,1,19.591736151654285
Sorgente2,2,20.40212495700246
Sorgente2,1,18.48671311441789
Sorgente2,1,23.99905231305001
Sorgente2,0,21.909713138354668
Sorgente2,2,17.685118568424663
Sorgente2,0,21.267220507946888
Sorgente2,1,20.346993725330087
Sorgente2,2,16.9030014850457
Sorgente2,1,21.706186649674027
Sorgente2,0,21.284627367485474
Sorgente2,1,25.344017699534483
Sorgente2,0,18.977493671814948
Sorgente2,1,22.928175140119485
Sorgente2,1,18.55019563577579
Sorgente2,1,20.82456533488954
Sorgente2,0,19.99256085862281
Sorgente2,0,24.67341156585618
Sorgente2,0,24.475894925878837
Sorgente2,1,21.874372945045167
Sorgente2,0,20.559608255263118
Sorgente2,0,23.564928697186637
Sorgente2,0,20.79361304601199
Sorgente2,2,21.034274750963814
Sorgente2,0,23.55224843493241
Sorgente2,0,22.758368019622893
Sorgente2,2,21.138630331699794
Sorgente2,1,20.532275667782066
Sorgente2,0,23.67918090326894
Sorgente2,1,22.963669830611423
Sorgente2,1,21.388921057877276
Sorgente2,2,20.752580202260912
Sorgente2,0,27.74956142615933
Sorgente2,1,21.874788320343793
Sorgente2,2,17.271787603038163
Sorgente2,2,21.9208649957391
Sorgente2,0,24.955035858328365
Sorgente2,0,27.303383945443546
Sorgente2,0,19.30978899510266
Sorgente2,1,20.131674548059344
Sorgente2,1,22.224195357944154
Sorgente2,0,23.141321423160726
Sorgente2,0,21.972330072612976
Sorgente2,2,20.100914151396026
Sorgente2,1,23.490322026552494
Sorgente2,2,19.21386625368428
Sorgente2,2,20.39396725795085
Sorgente2,0,24.762005694653254
Sorgente2,0,22.43197672374139
Sorgente2,3,16.598339373829575
Sorgente2,0,20.53473306976798
Sorgente2,0,25.2656008349694
Sorgente2,0,25.490427806326526
Sorgente2,1,22.92482118399529
Sorgente2,2,20.006504258396056
Sorgente2,0,22.139042691817288
Sorgente2,0,23.014266300899695
Sorgente2,0,24.04629820872206
Sorgente2,2,18.698058630649687
Sorgente2,1,16.22551321746334
Sorgente2,1,20.114019767751465
Sorgente2,1,19.661388284183495
Sorgente2,1,18.782729080005254
Sorgente2,1,22.879550434383056
Sorgente2,1,21.56600115632634
Sorgente2,2,23.424209192104737
Sorgente2,1,22.878400371851747
Sorgente2,2,22.48693830629306
Sorgente2,2,19.73977195107314
Sorgente2,1,20.680624556182643
Sorgente2,2,22.42238205948943
Sorgente2,0,20.15961259173241
Sorgente2,0,22.273116495982222
Sorgente2,4,16.132757557959096
Sorgente2,2,17.90732951977639
Sorgente2,0,19.550172021053505
Sorgente2,1,19.947925678174386
Sorgente2,2,16.802035809919868
Sorgente2,1,20.572823383315402
Sorgente2,0,20.609953850379014
Sorgente2,0,19.653524931408658
Sorgente2,0,22.429393614610305
Sorgente2,1,20.721622485720065
Sorgente2,1,18.25423164526905
Sorgente2,1,17.91506734916322
Sorgente2,1,22.183534506834754
Sorgente2,5,13.21262189262693
Sorgente2,1,22.754896952145888
Sorgente2,2,16.345981959984826
Sorgente2,0,24.174791034231774
Sorgente2,0,21.415587758286694
Sorgente2,0,22.46664494293514
Sorgente2,1,22.7809853733423
Sorgente2,1,21.35360832115931
Sorgente2,1,26.301805477156087
Sorgente2,1,19.9946862648672
Sorgente2,2,18.927724297017125
Sorgente2,2,19.30222959817435
Sorgente2,0,26.09180712985975
Sorgente2,1,18.28362719861726
Sorgente2,0,21.59565437910181
Sorgente2,1,18.982659818815687
Sorgente2,1,18.602991878502884
Sorgente2,2,17.38620703332158
Sorgente2,1,19.138033572531015
Sorgente2,4,17.572925948381226
Sorgente2,0,23.7910228538574
Sorgente2,0,21.684959013614385
Sorgente2,0,21.75285918002718
Sorgente2,1,20.410790742199342
Sorgente2,3,17.301229358126513
Sorgente2,1,21.639286917574587
Sorgente2,1,21.132456250259672
Sorgente2,0,22.09413119552147
Sorgente2,1,21.25575719781414
Sorgente2,0,19.17595355949358
Sorgente2,3,16.39941870459656
Sorgente2,3,18.29739383788126
Sorgente2,2,14.744412713570224
Sorgente2,2,15.259858309662834
Sorgente2,1,24.144152488984048
Sorgente2,1,19.482903155583443
Sorgente2,4,17.99422343704772
Sorgente2,2,14.192288723523719
Sorgente2,0,23.504089078894296
Sorgente2,0,21.630995302347873
Sorgente2,2,16.540858465839253
Sorgente2,0,24.344508786509977
Sorgente2,1,20.041499051686053
Sorgente2,2,21.016884481944086
Sorgente2,0,20.79266034389802
Sorgente2,0,23.420265949841816
Sorgente2,0,21.63162694383431
Sorgente2,0,25.35392428870167
Sorgente2,1,21.842687685258916
Sorgente2,1,21.41842913648918
Sorgente2,1,22.632764143990805
Sorgente2,1,22.760729734182235
Sorgente2,0,20.296161892884953
Sorgente2,1,22.86465298819325
Sorgente2,0,26.624397878301302
Sorgente2,0,23.302228565897266
Sorgente2,0,22.011436194835074
Sorgente2,1,20.186826737894208
Sorgente2,3,16.352877448154906
Sorgente2,1,19.213927234424105
Sorgente2,0,22.980981647076163
Sorgente2,1,23.464505668229204
Sorgente2,2,21.021235205149544
Sorgente2,1,21.162543332278496
Sorgente2,1,24.2007502294731
Sorgente2,0,17.93353876495565
Sorgente2,2,17.95693140198715
Sorgente2,2,19.33985705897581
Sorgente2,0,23.747220028179616
Sorgente2,0,23.253922248256075
Sorgente2,1,20.718427566131037
Sorgente2,2,17.422116247529406
Sorgente2,1,19.210987994392934
Sorgente2,1,22.911159844093948
Sorgente2,3,19.106788049011094
Sorgente2,0,19.390597401627677
Sorgente2,0,21.970620982424865
Sorgente2,0,24.972968882555627
Sorgente2,1,20.803305648052365
Sorgente2,1,19.401765112095227
Sorgente2,2,19.70587493912026
Sorgente2,0,17.99573834349819
Sorgente2,1,19.70013095474385
Sorgente2,1,22.285427769849328
Sorgente2,1,18.748900604771038
Sorgente2,1,22.268543224159266
Sorgente2,2,18.001068366581297
Sorgente2,1,19.660135026599228
Sorgente2,1,20.89859821014601
Sorgente2,1,17.378892549000216
Sorgente2,1,22.08008012730429
Sorgente2,3,14.12637708726278
Sorgente2,4,10.686294104787487
Sorgente2,1,20.279888388240835
Sorgente2,1,21.299418572155417
Sorgente2,0,21.991897500542628
Sorgente2,1,21.110134973880413
Sorgente2,0,28.011812467800283
Sorgente2,2,22.344835039307284
Sorgente2,0,24.27595268112708
Sorgente2,1,20.810271953693828
Sorgente2,0,26.139375946790814
Sorgente2,1,17.58315763046822
Sorgente2,1,20.350202594819905
Sorgente2,0,22.365653003375748
Sorgente2,2,15.43918024090364
Sorgente2,2,16.5836227781748
Sorgente2,3,15.436507771350911
Sorgente2,2,19.942818352352987
Sorgente2,0,27.618347432324974
Sorgente2,0,23.04209026647581
Sorgente2,0,22.473876825903723
Sorgente2,1,20.619834715224023
Sorgente2,0,24.079774514346
Sorgente2,0,24.249501411371135
Sorgente2,3,17.280306738336265
Sorgente2,0,29.496906415729335
Sorgente2,0,22.4069580417769
Sorgente2,0,21.460798292826034
Sorgente2,2,18.208452314429742
Sorgente2,2,17.584479205707368
Sorgente2,2,22.666040262327982
Sorgente2,4,15.916595962943852
Sorgente2,2,21.935070175382318
Sorgente2,0,22.350161975962962
Sorgente2,0,23.851749954319423
Sorgente2,1,17.1517295501858
Sorgente2,3,13.9815137198651
Sorgente2,0,19.990798064176047
Sorgente2,0,20.755259833834938
Sorgente2,1,22.343855516214624
Sorgente2,1,20.299339342082508
Sorgente2,0,21.98905722342247
Sorgente2,0,22.989452907652996
Sorgente2,0,22.11082327539315
Sorgente2,1,20.013229454914278
Sorgente2,2,22.25048706131506
Sorgente2,0,23.64429907248904
Sorgente2,2,15.88093049352879
Sorgente2,3,19.567072354240814
Sorgente2,0,22.0417346382868
Sorgente2,4,15.073855059929485
Sorgente2,0,20.84082727967418
Sorgente2,2,17.957136633827812
Sorgente2,1,21.457377555588373
Sorgente2,1,19.62835478902561
Sorgente2,1,19.507945832606136
Sorgente2,0,25.538420368080892
Sorgente2,1,22.55463876052641
Sorgente2,0,23.97816985633392
Sorgente2,2,14.967684899860174
Sorgente2,1,19.765864532735137
Sorgente2,1,20.80257539249284
Sorgente2,2,20.446219575767405
Sorgente2,1,17.280024080934304
Sorgente2,0,22.671703605218216
Sorgente2,3,19.80577256019518
Sorgente2,0,22.583009816933597
Sorgente2,1,20.03497462902346
Sorgente2,1,16.40411325775646
Sorgente2,3,20.638799385900402
Sorgente2,2,20.3740736747388
Sorgente2,0,24.29354870688278
Sorgente2,0,23.318398593480953
Sorgente2,2,19.517868288500274
Sorgente2,1,25.723726877674423
Sorgente2,0,18.75738132274116
Sorgente2,1,21.583797144232065
Sorgente2,1,21.008547644028475
Sorgente2,1,26.338636108867156
Sorgente2,1,16.96733978060396
Sorgente2,1,20.178120938103472
Sorgente2,1,19.313754409535477
Sorgente2,3,14.957224808256775
Sorgente2,1,19.24505968053134
Sorgente2,1,21.9139260060229
Sorgente2,0,22.14868627082415
Sorgente2,1,18.956872064916915
Sorgente2,1,21.3010937847899
Sorgente2,0,22.841942593825095
Sorgente2,0,23.96136451114229
Sorgente2,0,22.754511399002254
Sorgente2,1,22.718438649763876
Sorgente2,0,24.615659316570397
Sorgente2,0,20.634740690068355
Sorgente2,2,18.411959295520138
Sorgente2,1,27.34181399140553
Sorgente2,2,18.966509615785327
Sorgente2,0,22.630073141999215
Sorgente2,1,21.95237405568377
Sorgente2,3,15.182438590355908
Sorgente2,2,20.782862432652237
Sorgente2,0,21.775003279476074
Sorgente2,0,27.804708746171325
Sorgente2,0,23.590277279237903
Sorgente2,0,22.4723881692083
Sorgente2,1,19.930296873338204
Sorgente2,2,15.16167724878808
Sorgente2,0,24.444852068443545
Sorgente2,0,26.202114249446296
Sorgente2,0,19.811546575819605
Sorgente2,3,15.968911979870246
Sorgente2,1,20.96216373132077
Sorgente2,2,16.817037570848132
Sorgente2,2,17.88515458866752
Sorgente2,2,18.86201631511078
Sorgente2,0,23.394444347555712
Sorgente2,2,15.076746459774489
Sorgente2,2,20.787352015861593
Sorgente2,1,20.732469655307618
Sorgente2,2,17.027434551683477
Sorgente2,0,20.71236992327827
Sorgente2,2,22.661011228021952
Sorgente2,3,17.03628186329231
Sorgente2,1,23.627872797525256
Sorgente2,2,21.047707380799515
Sorgente2,1,28.522378531354548
Sorgente2,1,20.182817662657662
Sorgente2,1,18.16479177819418
Sorgente2,1,23.516640217706055
Sorgente2,0,21.53928103494103
Sorgente2,0,22.421619739133092
Sorgente2,2,16.431928759582753
Sorgente2,2,17.947401964820585
Sorgente2,2,22.30328132934139
Sorgente2,1,18.99642609860543
Sorgente2,0,22.649623355350922
Sorgente2,0,23.316230727303463
Sorgente2,0,17.420878816224374
Sorgente2,0,27.991209026616957
Sorgente2,4,13.550022607542683
Sorgente2,2,18.855674868438427
Sorgente2,2,18.027835271507453
Sorgente2,3,17.464947144114042
Sorgente2,2,17.506699020048437
Sorgente2,0,24.72452840075411
Sorgente2,0,22.827641556330843
Sorgente2,1,19.791272130083442
Sorgente2,2,14.317487607161816
Sorgente2,0,20.513543226829924
Sorgente2,0,25.18308521557617
Sorgente2,2,17.83049930204954
Sorgente2,0,25.183930805103273
Sorgente2,4,11.613158021503772
Sorgente2,2,16.83644848646374
Sorgente2,3,12.029315487563156
Sorgente2,1,18.781152428841533
Sorgente2,1,23.958302433058908
Sorgente2,1,15.151172625976825
Sorgente2,1,20.677723320156602
Sorgente2,0,21.930812994612268
Sorgente2,2,17.213233255597057
Sorgente2,1,20.666165082659337
Sorgente2,1,21.11271643812301
Sorgente2,0,23.512800463516506
Sorgente2,0,27.140833071977315
Sorgente2,0,23.874509552951153
Sorgente2,0,20.46450382823752
Sorgente2,0,23.879117185478812
Sorgente2,1,20.96179514199093
Sorgente2,1,20.266498847067048
Sorgente2,0,22.29130830005741
Sorgente2,3,16.80039385286164
Sorgente2,1,21.17226414491346
Sorgente2,2,19.918083439872856
Sorgente2,0,27.038586057409976
Sorgente2,1,20.951267543263448
Sorgente2,2,17.994961013697562
Sorgente2,1,19.24918762051326
Sorgente2,1,22.466261977603203
Sorgente2,0,22.834263726844412
Sorgente2,2,17.35269631133097
Sorgente2,0,24.812443756096606
Sorgente2,1,20.389272106987264
Sorgente2,1,24.39074646894452
Sorgente2,1,18.93743181413048
Sorgente2,0,25.850593855719033
Sorgente2,0,17.967836974185506
Sorgente2,0,23.872724359213112
Sorgente2,2,21.214850716240708
Sorgente2,0,27.606726750440423
Sorgente2,0,21.846097329542026
Sorgente2,2,21.231724513078618
Sorgente2,0,22.223040434878605
Sorgente2,0,24.283882308441935
Sorgente2,0,23.59717803156343
Sorgente2,1,22.674575513220173
Sorgente2,1,20.703304796032157
Sorgente2,1,22.21367924385251
Sorgente2,1,19.931499029353194
Sorgente2,0,19.13296164763971
Sorgente2,0,25.764981298360958
Sorgente2,1,19.991563645314834
Sorgente2,1,23.03803412971709
Sorgente2,2,18.277436771610788
Sorgente2,1,20.426639475812962
Sorgente2,2,17.466734497803046
Sorgente2,1,18.538276131284594
Sorgente2,0,24.39532887003444
Sorgente2,2,19.848352663878487
Sorgente2,2,22.0710215668591
Sorgente2,4,14.308702424680167
Sorgente2,3,18.056026415926446
Sorgente2,0,22.1360974363972
Sorgente2,1,23.081065480011233
Sorgente2,2,20.080512412588796
Sorgente2,2,18.52855785048008
Sorgente2,0,20.192091050770784
Sorgente2,1,18.12600700161978
Sorgente2,1,22.491304025481554
Sorgente2,3,15.122854269241857
Sorgente2,2,20.572391740203287
Sorgente2,0,23.405648622022056
Sorgente2,1,23.067844675374822
Sorgente2,1,23.091080473734774
Sorgente3,0,26.83436614380562
Sorgente3,1,23.337427003805104
Sorgente3,1,22.02596810802622
Sorgente3,0,24.527377878252434
Sorgente3,2,19.57740964352776
Sorgente3,2,18.27975507425868
Sorgente3,1,22.098708283741544
Sorgente3,1,21.177931264403774
Sorgente3,1,23.94947086614321
Sorgente3,3,14.703191726159272
Sorgente3,1,14.316816690441964
Sorgente3,1,19.531886169419067
Sorgente3,2,20.35760075407943
Sorgente3,0,26.06452218667502
Sorgente3,1,23.122156455626676
Sorgente3,3,17.740380563199892
Sorgente3,0,23.54158880982567
Sorgente3,3,14.080735330281286
Sorgente3,0,25.152169530786082
Sorgente3,1,16.976028975239387
Sorgente3,0,18.47176649294976
Sorgente3,4,19.748759467409073
Sorgente3,3,16.742915266052528
Sorgente3,1,23.182256021085372
Sorgente3,0,27.545979261369265
Sorgente3,2,20.686536301657085
Sorgente3,1,19.050156734050532
Sorgente3,2,19.320702693587748
Sorgente3,2,20.10557761311196
Sorgente3,0,23.126118911472087
Sorgente3,1,21.20186616771583
Sorgente3,0,24.66896244401586
Sorgente3,2,15.92399306740571
Sorgente3,2,20.6706566831384
Sorgente3,0,21.612386241895948
Sorgente3,2,17.959356076950694
Sorgente3,1,19.42640502773868
Sorgente3,1,22.375684191350047
Sorgente3,1,17.79853705344866
Sorgente3,4,12.837113996666913
Sorgente3,1,22.86493738013742
Sorgente3,0,21.074814572492333
Sorgente3,2,21.820828173628968
Sorgente3,2,20.932036102139143
Sorgente3,2,19.944145130798674
Sorgente3,2,21.00025404008163
Sorgente3,0,21.606100422016674
Sorgente3,1,24.41000152329872
Sorgente3,2,21.440160444958277
Sorgente3,1,17.28030212531155
Sorgente3,3,13.468978140786952
Sorgente3,0,20.14707016909858
Sorgente3,2,17.739326436089186
Sorgente3,1,23.498725187582135
Sorgente3,1,23.20200894196916
Sorgente3,1,22.636691374924972
Sorgente3,0,23.98689702106222
Sorgente3,1,18.803951138746346
Sorgente3,0,23.961463215305628
Sorgente3,1,17.67816823036575
Sorgente3,3,18.380493681640942
Sorgente3,2,17.29675639141593
Sorgente3,2,15.528894368215443
Sorgente3,0,22.2749077855974
Sorgente3,0,19.974946275007632
Sorgente3,0,24.248365282386338
Sorgente3,0,20.540577427309856
Sorgente3,0,23.24513228132717
Sorgente3,4,14.655626829097628
Sorgente3,1,21.67237065223666
Sorgente3,1,19.618537791937623
Sorgente3,1,22.792291468186548
Sorgente3,1,15.873496476149718
Sorgente3,2,22.247290240453964
Sorgente3,1,19.950933694530555
Sorgente3,0,22.003733373668368
Sorgente3,1,17.714516889101073
Sorgente3,0,20.743115559188706
Sorgente3,2,20.35059396831413
Sorgente3,2,24.82883769146911
Sorgente3,2,15.964500017737617
Sorgente3,2,23.708027807207095
Sorgente3,0,23.93475286619435
Sorgente3,3,18.423419421817247
Sorgente3,0,23.921167447841206
Sorgente3,0,25.30318961083548
Sorgente3,1,23.128405784898426
Sorgente3,0,22.562672748744525
Sorgente3,3,14.525008801872856
Sorgente3,1,16.345461041043656
Sorgente3,1,21.0808057775279
Sorgente3,1,20.25643784038113
Sorgente3,1,19.770716176964534
Sorgente3,3,15.693141614186139
Sorgente3,1,22.429487149282824
Sorgente3,1,22.702842044649095
Sorgente3,1,20.73615342273645
Sorgente3,1,20.062323529067065
Sorgente3,2,15.843121034333832
Sorgente3,1,22.212040184561832
Sorgente3,0,22.151109990513486
Sorgente3,2,16.19488004829349
Sorgente3,0,25.385296872067745
Sorgente3,0,24.161294773894944
Sorgente3,2,18.042825546712464
Sorgente3,0,22.370394967486742
Sorgente3,1,24.774132030262685
Sorgente3,0,24.082855477590584
Sorgente3,2,18.58000503949933
Sorgente3,1,21.14858592910771
Sorgente3,1,24.4477890679562
Sorgente3,0,23.137800899253392
Sorgente3,1,18.24382128527042
Sorgente3,1,21.63781736200623
Sorgente3,1,19.998285384069135
Sorgente3,0,23.52195253977414
Sorgente3,1,21.916211979570964
Sorgente3,0,24.942768281181028
Sorgente3,2,21.501519360118362
Sorgente3,1,18.225666522534993
Sorgente3,1,21.778451496034155
Sorgente3,1,19.590207198580643
Sorgente3,0,19.069919933179683
Sorgente3,1,18.639615584567302
Sorgente3,0,21.123779862192684
Sorgente3,2,15.243572114905682
Sorgente3,0,21.821715367434635
Sorgente3,0,24.204649673940025
Sorgente3,2,19.745124797724145
Sorgente3,4,16.970289001929714
Sorgente3,2,17.798676870911667
Sorgente3,2,13.369470232481456
Sorgente3,3,17.78977256575459
Sorgente3,1,23.74325762087037
Sorgente3,0,23.96453138033767
Sorgente3,1,23.54225948557544
Sorgente3,1,17.30008901888845
Sorgente3,1,21.65773220371752
Sorgente3,0,20.732579817028594
Sorgente3,2,17.97225928737289
Sorgente3,0,24.57209141605367
Sorgente3,1,24.79381438872665
Sorgente3,3,17.227343144012725
Sorgente3,1,21.27757328287039
Sorgente3,1,21.00487284173797
Sorgente3,0,25.01656160284837
Sorgente3,1,17.888252064207535
Sorgente3,0,24.742044320944586
Sorgente3,3,17.842154158440096
Sorgente3,2,19.075408085496054
Sorgente3,1,21.379822004911517
Sorgente3,3,17.38113726998383
Sorgente3,0,21.73119518882107
Sorgente3,1,21.846998815514056
Sorgente3,2,20.71821580548299
Sorgente3,1,20.219909009365157
Sorgente3,1,16.41394836661008
Sorgente3,0,25.388454971193553
Sorgente3,2,19.86378284961271
Sorgente3,0,20.380601280716036
Sorgente3,1,18.642122431510217
Sorgente3,3,18.69603003641844
Sorgente3,2,17.707666224214016
Sorgente3,1,18.77419743642005
Sorgente3,1,25.931215102162483
Sorgente3,1,23.004422043500533
Sorgente3,0,22.825702108497048
Sorgente3,2,20.554983908773163
Sorgente3,0,22.474098277677786
Sorgente3,1,20.310436033883374
Sorgente3,2,17.065893949605382
Sorgente3,1,21.608116403974336
Sorgente3,1,22.45715347100009
Sorgente3,2,16.671213170180934
Sorgente3,2,21.608558314605176
Sorgente3,2,24.64979514177513
Sorgente3,1,22.72952417896471
Sorgente3,0,21.76196383237817
Sorgente3,0,25.08033003837534
Sorgente3,0,21.76667230656816
Sorgente3,0,26.72355585066815
Sorgente3,1,22.03088651733828
Sorgente3,0,22.493147242941617
Sorgente3,0,26.34299447453758
Sorgente3,2,15.682313375977987
Sorgente3,3,17.958293713458662
Sorgente3,1,18.970287117141343
Sorgente3,1,21.043843308698136
Sorgente3,2,16.90841932319794
Sorgente3,0,18.03058961615075
Sorgente3,2,19.41057265192661
Sorgente3,3,15.658160017146635
Sorgente3,0,23.28722954736561
Sorgente3,1,18.66588621953756
Sorgente3,1,21.22050327827585
Sorgente3,0,20.376403858159204
Sorgente3,2,19.576317080508794
Sorgente3,0,24.30160929234274
Sorgente3,0,20.356497181557096
Sorgente3,2,16.360212099766766
Sorgente3,1,21.898541166234104
Sorgente3,0,23.269524072498317
Sorgente3,0,22.94478836674806
Sorgente3,1,15.57343382373543
Sorgente3,1,20.39919845089746
Sorgente3,0,22.958486616718712
Sorgente3,2,19.52042507226517
Sorgente3,0,24.661221652194353
Sorgente3,0,19.459798738059423
Sorgente3,2,17.74123039688882
Sorgente3,0,18.913703815450845
Sorgente3,2,22.211643972415523
Sorgente3,2,19.005614286304322
Sorgente3,3,18.55809740113773
Sorgente3,0,22.302611270230273
Sorgente3,0,25.334123735390378
Sorgente3,1,20.989549166638756
Sorgente3,0,22.796720593402668
Sorgente3,1,23.14414949740728
Sorgente3,0,24.838820114737146
Sorgente3,1,24.022514215317344
Sorgente3,3,14.365027955366994
Sorgente3,1,20.882693693544248
Sorgente3,1,20.039828517480817
Sorgente3,0,19.361401783924357
Sorgente3,2,16.92831351940243
Sorgente3,1,22.383162858144132
Sorgente3,1,20.290915665849173
Sorgente3,1,19.95612818350813
Sorgente3,1,19.276271827850547
Sorgente3,1,20.357935709967485
Sorgente3,2,19.750788536072356
Sorgente3,1,22.602689678236246
Sorgente3,2,15.790034078435152
Sorgente3,2,20.814605470431022
Sorgente3,1,24.670070890229653
Sorgente3,1,21.27634251942555
Sorgente3,0,17.249045575592618
Sorgente3,0,21.45044256084374
Sorgente3,0,22.16284994020372
Sorgente3,1,21.200871508449964
Sorgente3,1,20.670743042853694
Sorgente3,2,15.504959099658052
Sorgente3,1,20.540503413981746
Sorgente3,0,26.158425880141987
Sorgente3,1,22.66236562899646
Sorgente3,0,23.664987409786264
Sorgente3,2,21.860131760459335
Sorgente3,1,24.27731300541481
Sorgente3,2,18.424376598043704
Sorgente4,1,17.69427179282107
Sorgente4,1,21.158071792723966
Sorgente4,2,18.072161369773397
Sorgente4,2,19.679970220863197
Sorgente4,0,24.604707497592372
Sorgente4,1,19.600999050109095
Sorgente4,1,17.732725694196198
Sorgente4,2,19.141898197748073
Sorgente4,1,19.516633833221228
Sorgente4,0,23.14335169043921
Sorgente4,1,24.56822663445699
Sorgente4,1,22.088657533090966
Sorgente4,3,17.037702467614025
Sorgente4,0,23.5024183968886
Sorgente4,0,24.601260496789287
Sorgente4,0,25.50867786989008
Sorgente4,2,17.682576091716477
Sorgente4,0,24.222653816536415
Sorgente4,2,16.210705862287988
Sorgente4,2,15.378363238777387
Sorgente4,0,21.215998218219596
Sorgente4,1,18.13596748855865
Sorgente4,2,17.373935042654605
Sorgente4,1,17.58244545297546
Sorgente4,2,18.073556008199994
Sorgente4,1,20.58684398323756
Sorgente4,0,24.09327180516207
Sorgente4,1,22.337599883105177
Sorgente4,0,22.51316971651405
Sorgente4,3,18.20029647962245
Sorgente4,0,20.538644972280323
Sorgente4,3,17.006558253191507
Sorgente4,1,22.931328060723416
Sorgente4,2,22.749999116240772
Sorgente4,3,15.863042054371501
Sorgente4,3,16.123458608390344
Sorgente4,0,19.562865192253913
Sorgente4,0,21.85090793759983
Sorgente4,0,22.48345975524943
Sorgente4,1,19.894365465374477
Sorgente4,1,18.337520870623337
Sorgente4,1,23.228482306074525
Sorgente4,2,19.172401805803183
Sorgente4,1,19.602098639203216
Sorgente4,1,17.855383377414356
Sorgente4,2,21.07079354900965
Sorgente4,1,21.204730472113738
Sorgente4,3,16.887225245763116
Sorgente4,1,23.998495334837873
Sorgente4,1,21.808349627495456
Sorgente4,3,15.256916286653983
Sorgente4,0,24.657696972622237
Sorgente4,1,22.26598867552632
Sorgente4,3,18.404171475135062
Sorgente4,1,19.450281016899897
Sorgente4,1,18.25926949490213
Sorgente4,2,19.07063807469809
Sorgente4,0,22.780547011995402
Sorgente4,4,9.46977767912214
Sorgente4,0,21.510714081675864
Sorgente4,2,21.81148280909207
Sorgente4,2,19.230312073105566
Sorgente4,0,21.087288239926146
Sorgente4,1,19.45576103438144
Sorgente4,0,25.11449762080786
Sorgente4,1,22.394008723963744
Sorgente4,2,19.344549724778023
Sorgente4,0,25.492948129364706
Sorgente4,1,19.975804822433258
Sorgente4,1,22.291972665122174
Sorgente4,2,20.837051478958806
Sorgente4,0,23.027294113925137
Sorgente4,1,18.306171519746194
Sorgente4,1,21.257831450019264
Sorgente4,1,23.34578527900255
Sorgente4,2,20.585895464869058
Sorgente4,3,18.58709878068197
Sorgente4,1,17.568651361566165
Sorgente4,0,24.1088047317524
Sorgente4,1,20.09717009354717
Sorgente4,1,21.777331729854396
Sorgente4,2,14.627658525291826
Sorgente4,1,24.41969830579225
Sorgente4,0,21.29523818798128
Sorgente4,3,19.72860783583222
Sorgente4,4,17.571366415676618
Sorgente4,1,21.60319664808475
Sorgente4,1,17.980532406701723
Sorgente4,1,17.635687226041114
Sorgente4,0,20.55399080137638
Sorgente4,2,19.82945844597502
Sorgente4,0,23.57176133808408
Sorgente4,4,15.275316245719237
Sorgente4,0,27.727684536868317
Sorgente4,2,18.53240986259737
Sorgente4,1,21.280420329656696
Sorgente4,0,20.669803501054037
Sorgente4,1,21.313512965107616
Sorgente4,2,22.562713068730186
Sorgente4,1,19.855307392990106
Sorgente4,2,16.34920762647291
Sorgente4,1,23.54152192160876
Sorgente4,1,23.85995374254967
Sorgente4,0,20.484893256409258
Sorgente4,1,22.219160874787796
Sorgente4,1,23.450602652160832
Sorgente4,0,21.123041125754106
Sorgente4,0,24.84195580951407
Sorgente4,2,18.885820081973947
Sorgente4,1,18.041866229025686
Sorgente4,2,21.98669744641489
Sorgente4,0,21.154504083560404
Sorgente4,0,24.738749740031558
Sorgente4,2,17.615073317878917
Sorgente4,2,20.546540050497697
Sorgente4,3,18.382642209851607
Sorgente4,0,24.93355002873735
Sorgente4,0,23.641964912119334
Sorgente4,2,15.283139159148465
Sorgente4,2,21.137195744475406
Sorgente4,0,24.209965118181472
Sorgente4,0,18.87256923565478
Sorgente4,2,18.15407531530078
Sorgente4,0,25.520808841926762
Sorgente4,1,23.929139944325335
Sorgente4,1,18.304120839158035
Sorgente4,1,18.65620820428456
Sorgente4,0,21.111184729779232
Sorgente4,0,22.403078502953605
Sorgente4,3,17.81732514563534
Sorgente4,0,22.00082032533505
Sorgente4,0,25.692793575530494
Sorgente4,0,24.892100413518804
Sorgente4,1,20.97746080264526
Sorgente4,1,23.370383196776785
Sorgente4,0,28.753105307866033
Sorgente4,1,18.73815071422599
Sorgente4,0,23.511370556523445
Sorgente4,0,22.473025888451794
Sorgente4,0,27.952744078897794
Sorgente4,0,26.662231525786225
Sorgente4,1,20.141123286079043
Sorgente4,1,19.89357349409301
Sorgente4,0,21.666092663461725
Sorgente4,0,24.5267932212305
Sorgente4,2,18.117270316632307
Sorgente4,2,20.203378584603975
Sorgente4,0,22.661229044404998
Sorgente4,1,23.003265351242984
Sorgente4,0,26.871569710331446
Sorgente4,3,19.690890214433693
Sorgente4,1,20.566892120887466
Sorgente4,0,27.05029346002593
Sorgente4,2,17.856581969734872
Sorgente4,0,25.250410854769424
Sorgente4,3,16.5891141477612
Sorgente4,1,23.07928053781872
Sorgente4,0,24.085039799151954
Sorgente4,1,22.714469914258512
Sorgente4,0,20.449223259439222
Sorgente4,2,22.92218727395381
Sorgente4,0,22.4777204165413
Sorgente4,1,21.916826228341783
Sorgente4,1,20.826745388833224
Sorgente4,0,23.072378551103608
Sorgente4,1,15.116405572073921
Sorgente4,0,26.579584449219823
Sorgente4,0,23.023665186790048
Sorgente4,3,16.080480010564212
Sorgente4,1,19.006059665502224
Sorgente4,2,18.940658965147385
Sorgente4,2,18.95926582351448
Sorgente4,2,19.052925715037322
Sorgente4,2,19.701550034635467
Sorgente4,1,20.64033871397787
Sorgente4,1,22.394401661238703
Sorgente4,3,15.004479828395539
Sorgente4,1,21.54162608108885
Sorgente4,1,18.89372513862318
Sorgente4,1,16.952713510734622
Sorgente4,1,25.305196465204926
Sorgente4,2,19.16695201488093
Sorgente4,2,22.85696431185318
Sorgente4,0,19.529585269223947
Sorgente4,0,22.25188607023386
Sorgente4,0,25.87756743549327
Sorgente4,2,15.683160307149382
Sorgente4,0,20.18015846842856
Sorgente4,1,20.961620744796093
Sorgente4,2,22.770351316099028
Sorgente4,1,20.0910002528334
Sorgente4,3,17.49681862184779
Sorgente4,0,19.604852023170835
Sorgente4,0,20.683301887995682
Sorgente4,0,21.96325168833452
Sorgente4,3,19.382992871380086
Sorgente4,2,18.664842956547986
Sorgente4,1,22.524689505708718
Sorgente4,0,20.837808121583052
Sorgente4,0,25.40232492047939
Sorgente4,1,23.91745170145972
Sorgente4,0,24.167868654960706
Sorgente4,2,16.865344676711555
Sorgente4,1,19.48899694700228
Sorgente4,2,16.63843235124074
Sorgente4,2,19.110866113094552
Sorgente4,0,25.47261246345672
Sorgente4,0,22.144247344825253
Sorgente4,0,23.223034204597685
Sorgente4,0,24.22929583023695
Sorgente4,0,22.818214197675957
Sorgente4,0,19.85700768233686
Sorgente4,0,20.873966367513393
Sorgente4,2,20.585843351308952
Sorgente4,1,20.138798519203945
Sorgente4,2,18.80717331926582
Sorgente4,1,24.764147855275844
Sorgente4,0,22.898348236383818
Sorgente4,3,16.544651572909913
Sorgente4,0,25.60189245680429
Sorgente4,0,22.714641183059804
Sorgente4,1,21.843920208890204
Sorgente4,1,24.16240809756262
Sorgente4,0,21.27035567242482
Sorgente4,0,22.73675885912614
Sorgente4,1,22.054602294917242
Sorgente4,0,22.234286411050014
Sorgente4,1,18.774375240783723
Sorgente4,1,19.153736148672944
Sorgente4,1,18.246127715170083
Sorgente4,1,21.77656447102019
Sorgente4,1,21.803980001676223
Sorgente4,0,21.81897778043568
Sorgente4,0,25.71263047306293
Sorgente4,1,18.84558700263948
Sorgente4,1,24.22856220334795
Sorgente4,2,18.609826784170654
Sorgente4,0,23.937714356744404
Sorgente4,0,24.729541583717143
Sorgente4,4,15.676669325684195
Sorgente4,1,20.40426973531352
Sorgente4,1,19.868583465920715
Sorgente4,1,20.906619288598204
Sorgente4,2,17.625116235191257
Sorgente4,2,20.01376050505259
Sorgente4,2,16.587424270122685
Sorgente4,0,22.51951897266865
Sorgente4,4,15.428170639258166
Sorgente4,0,27.43714520813704
Sorgente4,1,18.809127502757185
Sorgente5,5,7.640821358922171
Sorgente5,6,8.112597931819712
Sorgente5,1,10.386547265915848
Sorgente5,6,5.476011486821928
Sorgente5,1,10.684412567549998
Sorgente5,5,8.038404855971573
Sorgente5,6,6.387632626960519
Sorgente5,2,10.441700548646073
Sorgente5,1,10.415340536000766
Sorgente5,5,8.607872459824524
Sorgente5,2,10.924239189502346
Sorgente5,4,7.30913246147621
Sorgente5,5,5.259601695939667
Sorgente5,4,8.061651776908603
Sorgente5,2,8.232484818698577
Sorgente5,4,6.3395714293567185
Sorgente5,3,9.501196531148542
Sorgente5,5,11.812396900302868
Sorgente5,7,5.859210643201324
Sorgente5,2,11.869019056194166
Sorgente5,2,12.359765590409674
Sorgente5,4,4.565891877460606
Sorgente5,2,9.576554206995885
Sorgente5,2,11.72605947546981
Sorgente5,4,6.166048822081577
Sorgente5,3,8.380357560180101
Sorgente5,9,0.46392090786368634
Sorgente5,6,3.725643413508079
Sorgente5,2,9.560023630798478
Sorgente5,7,4.695271787615966
Sorgente5,2,9.954312118609478
Sorgente5,0,11.064739435791184
Sorgente5,4,6.143480356653641
Sorgente5,2,8.510017596057114
Sorgente5,6,4.335764813484239
Sorgente5,6,6.542966019271574
Sorgente5,6,8.526315931309917
Sorgente5,9,0.9750581396805558
Sorgente5,3,9.196268788979872
Sorgente5,3,8.95410191255265
Sorgente5,5,5.922505187832842
Sorgente5,6,5.004973332245276
Sorgente5,2,11.051110705946538
Sorgente5,3,7.518818386675895
Sorgente5,7,4.079931931429068
Sorgente5,6,6.850003506551036
Sorgente5,6,6.885322044672255
Sorgente5,2,9.658259205388594
Sorgente5,3,8.61637082757768
Sorgente5,5,6.823209294533234
Sorgente5,2,9.62510642110346
Sorgente5,6,5.528664296546085
Sorgente5,4,6.736355295839921
Sorgente5,5,9.590861322952893
Sorgente5,4,7.8239110181354485
Sorgente5,5,7.08414067527505
Sorgente5,1,9.923450990119077
Sorgente5,2,10.579875480277932
Sorgente5,4,8.38541930712388
Sorgente5,3,10.382094559900153
Sorgente5,8,3.626082166818952
Sorgente5,5,10.430298442887873
Sorgente5,5,5.306837937105647
Sorgente5,1,11.146120604969848
Sorgente5,2,10.86507844157074
Sorgente5,4,7.882768036445098
Sorgente5,5,7.541625892932382
Sorgente5,2,8.094868403260616
Sorgente5,4,7.107759915252371
Sorgente5,10,0.9446523874683024
Sorgente5,4,6.615663704828142
Sorgente5,1,11.168137174037025
Sorgente5,8,2.440345112031828
Sorgente5,6,4.7927761510280025
Sorgente5,6,4.980939128987174
Sorgente5,5,6.325188174908069
Sorgente5,3,7.716253407588459
Sorgente5,5,5.229356898689085
Sorgente5,6,4.537652181341561
Sorgente5,4,9.985447768500057
Sorgente5,2,9.796953688122116
Sorgente5,6,5.3828918111698725
Sorgente5,3,8.48887431990572
Sorgente5,6,6.271267783473171
Sorgente5,8,4.098209558561408
Sorgente5,2,8.80342667302424
Sorgente5,4,8.769398630527501
Sorgente5,9,2.4928455490019825
Sorgente5,6,7.552198530029877
Sorgente5,3,10.067983093499333
Sorgente5,6,6.039425594128733
Sorgente5,2,10.54195727180528
Sorgente5,3,9.208218242869417
Sorgente5,3,7.935486184294906
Sorgente5,3,8.300097303664465
Sorgente5,6,8.616382834973788
Sorgente5,4,5.246376116291403
Sorgente5,7,2.5099643093250723
Sorgente5,2,9.047094373694922
Sorgente5,7,3.925710041229838
Sorgente5,4,6.510322611948032
Sorgente5,4,9.658759961635123
Sorgente5,5,8.446038851367394
Sorgente5,5,6.723554182988006
Sorgente5,6,5.605911515011789
Sorgente5,5,8.378443703078176
Sorgente5,5,5.888790788329555
Sorgente5,5,6.177761223288435
Sorgente5,8,5.218081565583837
Sorgente5,8,4.716976104958419
Sorgente5,5,8.514318369782526
Sorgente5,3,11.119825892112685
Sorgente5,3,9.76527435222571
Sorgente5,3,6.790311089766815
Sorgente5,6,6.440203046576343
Sorgente5,0,10.736470321532732
Sorgente5,5,4.744187885861951
Sorgente5,3,7.857356676601359
Sorgente5,2,12.880905423952338
Sorgente5,4,7.699670463928567
Sorgente5,6,7.611430459188224
Sorgente5,7,6.340114828347035
Sorgente5,2,10.548067065723778
Sorgente5,5,4.772299080645778
Sorgente5,1,11.085395904435703
Sorgente5,3,6.598519975425581
Sorgente5,3,8.425750243800918
Sorgente5,4,7.738611197383932
Sorgente5,2,10.44693386746052
Sorgente5,2,8.780289794499405
Sorgente5,2,10.37940810837891
Sorgente5,3,8.692017418758748
Sorgente5,5,7.292567923266323
Sorgente5,5,9.305861631896864
Sorgente5,6,5.1989604262005855
Sorgente5,5,11.41343363131575
Sorgente5,2,7.952793755089406
Sorgente5,4,8.701715081843933
Sorgente5,1,8.040880416971536
Sorgente5,3,6.720953759851899
Sorgente5,2,9.398444602719106
Sorgente5,4,9.043869757754178
Sorgente5,4,6.465669261617809
Sorgente5,6,4.113942584461516
Sorgente5,5,5.654659170598474
Sorgente5,5,7.188961700643196
Sorgente5,4,8.25998660969196
Sorgente5,2,10.669051787102866
Sorgente5,1,14.354314534329676
Sorgente5,6,6.094079709933131
Sorgente5,4,9.310497318235493
Sorgente5,3,9.702858595085146
Sorgente5,2,8.149936477765447
Sorgente5,6,3.6580853581136017
Sorgente5,2,8.822458709982897
Sorgente5,7,4.7559645665333425
Sorgente5,5,8.088254330839222
Sorgente5,5,8.058524661068638
Sorgente5,5,9.11621084780687
Sorgente5,3,7.198094004769607
Sorgente5,4,11.72062562728619
Sorgente5,3,8.724280229464954
Sorgente5,4,8.333060361211228
Sorgente5,4,8.201572372964467
Sorgente5,6,2.8832280217276036
Sorgente5,2,12.604267657877513
Sorgente5,4,7.369148143706727
Sorgente5,3,10.972947055114759
Sorgente5,2,10.51776919192413
Sorgente5,5,8.898678865657015
Sorgente5,2,11.867526868117315
Sorgente5,7,4.637957067432029
Sorgente5,5,9.534758207779074
Sorgente5,3,7.574987523924792
Sorgente5,5,7.103374362664685
Sorgente5,2,12.081842709458815
Sorgente5,6,5.513432695738436
Sorgente5,3,10.296793696631346
Sorgente5,5,7.6144976155212944
Sorgente5,3,9.112012648474584
Sorgente5,3,8.330143344059515
Sorgente5,6,7.770018319599862
Sorgente5,7,5.121849983294856
Sorgente5,6,6.975264932008264
Sorgente5,5,8.752435743512741
Sorgente5,1,8.340290533047526
Sorgente5,5,7.1776131481640935
Sorgente5,5,6.403823553797507
Sorgente5,4,6.6614614338748135
Sorgente5,11,2.1449476378257604
Sorgente5,3,9.3074260357453
Sorgente5,3,9.237290689838474
Sorgente5,3,4.491306987154172
Sorgente5,6,5.995901113876496
Sorgente5,4,11.758930531457292
Sorgente5,11,0.
Sorgente5,3,13.24759941644176
Sorgente5,4,8.737580750183344
Sorgente5,4,5.270421495094846
Sorgente5,2,7.97717987925655
Sorgente5,2,8.67656111421886
Sorgente5,5,7.151093642154644
Sorgente5,2,11.103280777837911
Sorgente5,4,9.045139295430833
Sorgente5,4,10.455435386708935
Sorgente5,1,12.299987393036847
Sorgente5,6,5.731999423103906
Sorgente5,9,2.2535285400486504
Sorgente5,3,8.968031614070672
Sorgente5,3,12.44402884972471
Sorgente5,5,6.975716336766254
Sorgente5,5,5.350976297208168
Sorgente5,2,10.555731075448586
Sorgente5,5,7.492677870579684
Sorgente5,2,9.908868012457134
Sorgente5,1,9.091275022326034
Sorgente5,5,8.43145480775086
Sorgente5,4,7.5138031216802155
Sorgente5,4,8.307765905881425
Sorgente5,5,5.791406792758128
Sorgente5,2,11.363028024462094
Sorgente5,5,10.024649724990807
Sorgente5,3,9.205663354601928
Sorgente5,6,3.2984952738357665
Sorgente5,8,4.099071825769565
Sorgente5,4,7.860489949534547
Sorgente5,8,2.4517877569345483
Sorgente5,8,3.294330774594913
Sorgente5,7,5.0267134890338125
Sorgente5,6,5.671264563159425
Sorgente5,4,6.893542543908421
Sorgente5,3,9.368907551637886
Sorgente5,1,14.645130251483646
Sorgente5,1,13.051784456504233
Sorgente5,3,7.203119099780815
Sorgente5,2,9.989261363958606
Sorgente5,3,10.74005480249219
Sorgente5,4,12.205821621897897
Sorgente5,4,6.808139364219631
Sorgente5,3,7.831483189290176
Sorgente5,6,4.169081836229456
Sorgente5,4,8.597524294568968
Sorgente5,2,10.05982113194132
Sorgente5,5,8.791856026838534
Sorgente5,3,8.774427335094725
Sorgente5,7,2.3735864297378573
Sorgente5,2,9.215119808653402
Sorgente5,5,8.843309484283807
Sorgente5,6,7.629012977211029
Sorgente5,3,6.94124103477235
Sorgente5,5,4.204521219188599
Sorgente5,5,5.979409592265703
Sorgente5,5,5.346878377048031
Sorgente5,7,6.403679043956515
Sorgente5,10,2.5607653113621858
Sorgente5,6,6.068961454806041
Sorgente5,4,5.801011234994801
Sorgente5,6,7.239184630613708
Sorgente5,7,5.580944944844319
Sorgente5,4,7.233270512506423
Sorgente5,8,4.306153874575509
Sorgente5,6,8.506836283216412
Sorgente5,5,11.05819147676517
Sorgente5,4,11.566094255384304
Sorgente5,5,7.482000156695646
Sorgente5,1,10.079384879984786
Sorgente5,1,8.496111216751107
Sorgente5,5,8.536598125374097
Sorgente5,3,9.788942941332117
Sorgente5,5,8.793319911251515
Sorgente5,5,4.2641625702782475
Sorgente5,3,10.942378391901805
Sorgente5,2,7.631437292019296
Sorgente5,5,8.402109385510363
Sorgente5,3,10.69447101054015
Sorgente5,10,2.3819311111736994
Sorgente5,4,7.8916258600111835
Sorgente5,6,4.383063634969448
Sorgente5,4,9.869342482720318
Sorgente5,3,11.271307872382566
Sorgente5,3,8.094532368279443
Sorgente5,5,7.268534945116385
Sorgente5,7,3.0147076880046377
Sorgente5,8,1.9780429583562071
Sorgente5,4,6.435231640559788
Sorgente5,2,8.873928923823863
Sorgente5,3,7.504144320847134
Sorgente5,0,11.361541680720457
Sorgente5,3,8.501116691285546
Sorgente5,3,12.315205796539892
Sorgente5,1,12.14692604748609
Sorgente5,3,9.573435617071134
Sorgente5,2,8.1656428966428
Sorgente5,3,11.614054590943235
Sorgente5,11,2.1341852040807723
Sorgente5,7,3.909104334964699
Sorgente5,6,5.763108884249437
Sorgente5,7,3.766691243196396
Sorgente5,2,11.41854250632935
Sorgente5,3,12.162107317967655
Sorgente5,6,6.462062108432599
Sorgente5,2,10.731434373988339
Sorgente5,2,11.344552196020196
Sorgente5,4,8.200143420460275
Sorgente5,3,8.716500323676275
Sorgente5,8,4.021881750607379
Sorgente5,4,5.499097835386543
Sorgente5,7,5.089396969090256
Sorgente5,10,0.4371857375188615
Sorgente5,2,11.873249606763704
Sorgente5,5,4.3512850267924374
Sorgente5,1,9.076504415232158
Sorgente5,2,11.553180379564349
Sorgente5,2,11.799009308166665
Sorgente5,2,9.20153713952614
Sorgente5,3,8.206107941645115
Sorgente5,4,7.560654850098606
Sorgente5,6,3.9218968409134645
Sorgente5,7,4.94232371312769
Sorgente5,6,6.471872627893189
Sorgente5,8,5.275253444595857
Sorgente5,2,10.180293513880576
Sorgente5,2,9.399584239919442
Sorgente5,4,6.555057833207728
Sorgente5,3,9.976658568381175
Sorgente5,6,7.254497230017306
Sorgente5,5,8.06445415417479
Sorgente5,2,9.67517488857903
Sorgente5,4,8.785447694829577
Sorgente5,6,6.032854688830406
Sorgente5,1,12.539824622432128
Sorgente5,5,7.669715389693209
Sorgente5,5,6.248418766443564
Sorgente5,4,7.9665028606262664
Sorgente5,5,3.229200197397142
Sorgente5,4,7.722224428401092
Sorgente5,7,4.938202729378349
Sorgente5,2,8.88740030027819
Sorgente5,2,7.773871155528854
Sorgente5,0,10.595774871175411
Sorgente5,2,10.207055549702826
Sorgente5,3,9.571850772001161
Sorgente5,7,2.895131491989442
Sorgente5,6,4.730504281852425
Sorgente5,3,8.757964485004262
Sorgente5,4,5.60186347735458
Sorgente5,4,6.642367582408577
Sorgente5,6,3.1341696361970204
Sorgente5,2,12.19017526556503
Sorgente5,5,7.275055631401852